Detalhe;Referência;Nome;Cargo;Descontos;Líquido;Proventos;Divisão;Subdivisão;Unidade;Vínculo;CPF;Matrícula;Carga Horária (Sem.);Local de Trabalho;Contrato;Data Admissão;Data Desligamento;Ato Admissão;Ato Demissão;Data Adm. Comissão;Ato Adm. Comissão;Natureza Cargo;Forma de Provimento Cargo;Ato Criação Cargo;Categoria Funcional;Tipo de Contrato;Data Prevista Termino Contrato;Cargo Inicial
;Folha Complementar c/ Encargos - Fevereiro;ADENILDA NAILDES DA SILVA;ASSESSOR TÉCNICO (A) ADMINISTRATIVO;482,01;-482,01;;SECRETARIA MUNICIPAL DE SAUDE;SECRETARIA MUNICIPAL DE SAUDE;SMS-DEPTO.SEC.SAUDE-CONTRATADOS - FUS;COMISSIONADOS;295.XXX.XXX-77;552;40;SECRETARIA MUNICIPAL DE SAÚDE;2;02/01/2025;;;04/2026;;;2 - Comissão;TEMPO DETERMINADO;;;Função de Confiança;;ASSESSOR TÉCNICO (A) ADMINISTRATIVO
;Folha Complementar c/ Encargos - Fevereiro;ALINE JOSEFA DE SOUSA BEZERRA;TECNICO DE ENFERMAGEM;157,18;-157,18;;SECRETARIA MUNICIPAL DE SAUDE;SECRETARIA MUNICIPAL DE SAUDE;SMS-DEPTO.SEC.SAUDE-CONTRATADOS - FUS;CONTRATO TEMPORÁRIO;072.XXX.XXX-27;314;40;;4;02/01/2025;;;;;;3 - Temporário;TEMPO DETERMINADO;;;Contrato Temporario;;TECNICO DE ENFERMAGEM
;Adiantamento 13º Salário - Fevereiro;CLEIVIMAR MARIA DE SOUSA;GARI;;1.176,45;1.176,45;PREFEITURA MUNICIPAL DE PADRE MARCOS-PI;SECRETARIA MUNICIPAL  DE ADMINISTRAÇÃO;SEAD - DEPTO.ADMINISTRAÇÃO II;EFETIVOS;026.XXX.XXX-02;5;40;;1;19/01/2015;;;;;;1 - Efetivo;CONCURSO PUBLICO ;;;Efetivo;;GARI
;Folha Complementar c/ Encargos - Fevereiro;EDENA MARIA DE SOUSA;TECNICO EM ENFERMAGEM;277,60;-277,60;;SECRETARIA MUNICIPAL DE SAUDE;SECRETARIA MUNICIPAL DE SAUDE;SMS-DEPTOR.SEC. DE SAUDE II - FUS;EFETIVOS;397.XXX.XXX-34;16;40;SECRETARIA MUNICIPAL DE SAÚDE;1;02/02/2015;;;20/2022;;;1 - Efetivo;CONCURSO PUBLICO ;;;Efetivo;;TECNICO EM ENFERMAGEM
;Adiantamento 13º Salário - Fevereiro;EDILENE MACEDO SILVA;PROFESSOR SE 40H;;3.438,17;3.438,17;SECRETARIA MUNICIPAL DE EDUCAÇÃO;SECRETARIA MUNICIPAL DE EDUCAÇÃO;SME- DEPTO ENSINO INFANTIL FUNDEB 70% - EFETIVOS;EFETIVO - PROFESSORES;035.XXX.XXX-75;134;40;CRECHE PRÉ-ESCOLAR MARGARIDA DE JESUS ALENCAR ( TIA GUIDA);1;02/03/2015;;;;;;1 - Efetivo;CONCURSO PUBLICO ;;;Efetivo;;PROFESSOR SE 40H
;Folha Complementar c/ Encargos - Fevereiro;ESEQUIEL JOAQUIM SILVA DIAS;ENFERMEIRO;119,80;-119,80;;SECRETARIA MUNICIPAL DE SAUDE;SECRETARIA MUNICIPAL DE SAUDE;SMS - DEPTOR .SEC. DE SAUDE - PAB;EFETIVOS;823.XXX.XXX-15;118;40;UNIDADE PSF;1;01/04/2008;;;;;;1 - Efetivo;CONCURSO PUBLICO ;;;Efetivo;;ENFERMEIRO
;Adiantamento 13º Salário - Fevereiro;FABRICIO FRANCISCO DE CARVALHO LEITE;TECNICO DE CONTROLE INTERNO DE NIVEL I;;1.518,00;1.518,00;PREFEITURA MUNICIPAL DE PADRE MARCOS-PI;SECRETARIA MUNICIPAL  DE ADMINISTRAÇÃO;SEAD - DEPTO. ADMINISTRAÇÃO III;EFETIVOS;052.XXX.XXX-85;307;40;PREDIO DA PREFEITURA;1;09/11/2018;;;;;;1 - Efetivo;CONCURSO PUBLICO ;01/2018;;Efetivo;;TECNICO DE CONTROLE INTERNO DE NIVEL I
;Adiantamento 13º Salário - Fevereiro;FRANCILENE GOMES DA SILVA;TECNICO EM ENFERMAGEM;;1.166,55;1.166,55;SECRETARIA MUNICIPAL DE SAUDE;SECRETARIA MUNICIPAL DE SAUDE;SMS-DEPTOR.SEC. DE SAUDE II - FUS;EFETIVOS;897.XXX.XXX-72;19;40;SECRETARIA MUNICIPAL DE SAÚDE;1;19/01/2015;;;;;;1 - Efetivo;CONCURSO PUBLICO ;;;Efetivo;;TECNICO EM ENFERMAGEM
;Folha Complementar c/ Encargos - Fevereiro;FRANCILENE GOMES DA SILVA;TECNICO EM ENFERMAGEM;308,61;-308,61;;SECRETARIA MUNICIPAL DE SAUDE;SECRETARIA MUNICIPAL DE SAUDE;SMS-DEPTOR.SEC. DE SAUDE II - FUS;EFETIVOS;897.XXX.XXX-72;19;40;SECRETARIA MUNICIPAL DE SAÚDE;1;19/01/2015;;;;;;1 - Efetivo;CONCURSO PUBLICO ;;;Efetivo;;TECNICO EM ENFERMAGEM
;Folha Complementar c/ Encargos - Fevereiro;FRANCISCO FILHO DOS REIS GOMES;TECNICO EM ENFERMAGEM;323,14;-323,14;;HOSPITAL MUNICIPAL DE PADRE MARCOS;SECRETARIA MUNICIPAL DE SAUDE;HOSPITAL - DEPTO. ADMINISTRATIVO I;EFETIVOS;007.XXX.XXX-00;20;40;HOSPITAL MUNICIPAL DE PADRE MARCOS;1;19/01/2015;;;;;;1 - Efetivo;CONCURSO PUBLICO ;;;Efetivo;;TECNICO EM ENFERMAGEM
;Folha Complementar c/ Encargos - Fevereiro;GEOVANA DA SILVA SOUSA;ASSESSOR TÉCNICO (A) ADMINISTRATIVO;157,18;-157,18;;SECRETARIA MUNICIPAL DE SAUDE;SECRETARIA MUNICIPAL DE SAUDE;SMS-DEPTO.SEC.SAUDE-CONTRATADOS - FUS;COMISSIONADOS;053.XXX.XXX-01;534;40;;2;02/01/2025;;;;;;2 - Comissão;TEMPO DETERMINADO;;;Função de Confiança;;ASSESSOR TÉCNICO (A) ADMINISTRATIVO
;Folha Complementar c/ Encargos - Fevereiro;GISLENE BRIGIDA DE MORAES;AUXILIAR DE ENFERMAGEM;361,98;-361,98;;SECRETARIA MUNICIPAL DE SAUDE;SECRETARIA MUNICIPAL DE SAUDE;SMS - DEPTOR .SEC. DE SAUDE - PAB;EFETIVOS;396.XXX.XXX-49;58;40;SECRETARIA MUNICIPAL DE SAÚDE;1;01/02/2000;;;;;;1 - Efetivo;CONCURSO PUBLICO ;;;Efetivo;;AUXILIAR DE ENFERMAGEM
;Adiantamento 13º Salário - Fevereiro;IRANEIDE DE ARAUJO LEAL;PROFESSOR SL 40H;;3.447,45;3.447,45;SECRETARIA MUNICIPAL DE EDUCAÇÃO;SECRETARIA MUNICIPAL DE EDUCAÇÃO;SME- DEPTOR ENSINO FUNDEB 70% II;EFETIVO - PROFESSORES;882.XXX.XXX-91;182;40;U.E.M. JOSE DE MOURA LEAL;1;01/02/1999;;;;;;1 - Efetivo;CONCURSO PUBLICO ;;;Efetivo;;PROFESSOR SL 40H
;Folha Complementar c/ Encargos - Fevereiro;IRLA LAYANY CARVALHO BATISTA;TECNICO EM ENFERMAGEM;311,17;-311,17;;SECRETARIA MUNICIPAL DE SAUDE;SECRETARIA MUNICIPAL DE SAUDE;SMS-DEPTOR.SEC. DE SAUDE II - FUS;EFETIVOS;044.XXX.XXX-06;22;40;SECRETARIA MUNICIPAL DE SAÚDE;1;01/03/2016;;;;;;1 - Efetivo;CONCURSO PUBLICO ;;;Efetivo;;TECNICO EM ENFERMAGEM
;Folha Complementar c/ Encargos - Fevereiro;ITAMARA DANTAS SILVA;ENFERMEIRO (A)  CONTRATADO (A);972,64;-972,64;;SECRETARIA MUNICIPAL DE SAUDE;SECRETARIA MUNICIPAL DE SAUDE;SMS-DEPTO.SEC.SAUDE-CONTRATADOS - FUS;CONTRATO TEMPORÁRIO;023.XXX.XXX-35;228;40;;7;02/01/2025;;;;;;3 - Temporário;TEMPO DETERMINADO;08/2020;;Contrato Temporario;;ENFERMEIRO (A)  CONTRATADO (A)
;Folha Complementar c/ Encargos - Fevereiro;JÂNIA KALINE DIAS;ASSESSOR TÉCNICO (A) ADMINISTRATIVO;157,18;-157,18;;SECRETARIA MUNICIPAL DE SAUDE;SECRETARIA MUNICIPAL DE SAUDE;SMS-DEPTO.SEC.SAUDE-CONTRATADOS - FUS;COMISSIONADOS EDUCAÇÃO;065.XXX.XXX-27;267;40;SECRETARIA MUNICIPAL DE SAÚDE;4;02/01/2025;;;;;;2 - Comissão;TEMPO DETERMINADO;;;Função de Confiança;;ASSESSOR TÉCNICO (A) ADMINISTRATIVO
;Folha Complementar c/ Encargos - Fevereiro;JANNAÍNA ANTONIA DE ALENCAR CASTRO;COORDENADOR DE SERVIÇOS;618,76;-618,76;;SECRETARIA MUNICIPAL DE SAUDE;SECRETARIA MUNICIPAL DE SAUDE;SMS-DEPTO.SEC.SAUDE-CONTRATADOS - FUS;COMISSIONADOS;011.XXX.XXX-40;442;40;;2;02/01/2025;;;;;;2 - Comissão;TEMPO DETERMINADO;;;Função de Confiança;;COORDENADOR DE SERVIÇOS
;Adiantamento 13º Salário - Fevereiro;JOSEFA BENEDITA DA SILVA;TECNICO EM ENFERMAGEM;;1.024,65;1.024,65;SECRETARIA MUNICIPAL DE SAUDE;SECRETARIA MUNICIPAL DE SAUDE;SMS - DEPTOR .SEC. DE SAUDE - PAB;EFETIVOS;241.XXX.XXX-53;56;40;SECRETARIA MUNICIPAL DE SAÚDE;1;02/02/2015;;;;;;1 - Efetivo;CONCURSO PUBLICO ;;;Efetivo;;TECNICO EM ENFERMAGEM
;Folha Complementar c/ Encargos - Fevereiro;JOSEFA BENEDITA DA SILVA;TECNICO EM ENFERMAGEM;361,98;-361,98;;SECRETARIA MUNICIPAL DE SAUDE;SECRETARIA MUNICIPAL DE SAUDE;SMS - DEPTOR .SEC. DE SAUDE - PAB;EFETIVOS;241.XXX.XXX-53;56;40;SECRETARIA MUNICIPAL DE SAÚDE;1;02/02/2015;;;;;;1 - Efetivo;CONCURSO PUBLICO ;;;Efetivo;;TECNICO EM ENFERMAGEM
;Folha Complementar c/ Encargos - Fevereiro;KALINE BARBOSA CAVALCANTE ARRAES;ENFERMEIRO;119,79;-119,79;;SECRETARIA MUNICIPAL DE SAUDE;SECRETARIA MUNICIPAL DE SAUDE;SMS - DEPTOR .SEC. DE SAUDE - PAB;EFETIVOS;936.XXX.XXX-20;119;40;;1;02/05/2008;;;085/2024;;;1 - Efetivo;CONCURSO PUBLICO ;;;Efetivo;;ENFERMEIRO
;Folha Complementar c/ Encargos - Fevereiro;MARIA CONCEIÇÃO FEITOSA COUTINHO;ENFERMEIRO;119,79;-119,79;;SECRETARIA MUNICIPAL DE SAUDE;SECRETARIA MUNICIPAL DE SAUDE;SMS - DEPTOR .SEC. DE SAUDE - PAB;EFETIVOS;871.XXX.XXX-72;121;40;;1;01/04/2008;;;;;;1 - Efetivo;CONCURSO PUBLICO ;;;Efetivo;;ENFERMEIRO
;Folha Complementar c/ Encargos - Fevereiro;MARIA DAS DORES DA CONCEIÇÃO COSTA;TECNICO EM ENFERMAGEM;321,56;-321,56;;SECRETARIA MUNICIPAL DE SAUDE;SECRETARIA MUNICIPAL DE SAUDE;SMS - DEPTOR .SEC. DE SAUDE - PAB;EFETIVOS;712.XXX.XXX-53;60;40;HOSPITAL MUNICIPAL DE PADRE MARCOS;1;03/11/2015;;;;;;1 - Efetivo;CONCURSO PUBLICO ;;;Efetivo;;TECNICO EM ENFERMAGEM
;Folha Complementar c/ Encargos - Fevereiro;MARIA LUCIA DA SILVA;TECNICO EM ENFERMAGEM;277,60;-277,60;;SECRETARIA MUNICIPAL DE SAUDE;SECRETARIA MUNICIPAL DE SAUDE;SMS.DEPTO.SAUDE.SECRETARIO(A) - FUS;EFETIVOS;245.XXX.XXX-00;129;40;;1;02/02/2015;;;;;;1 - Efetivo;CONCURSO PUBLICO ;;;Efetivo;;TECNICO EM ENFERMAGEM
;Adiantamento 13º Salário - Fevereiro;MARIA LUCILENE DA SILVA DIAS;PROFESSOR SE 40H;;3.859,91;3.859,91;SECRETARIA MUNICIPAL DE EDUCAÇÃO;SECRETARIA MUNICIPAL DE EDUCAÇÃO;SME- DEPTOR ENSINO FUNDEB 70% II;EFETIVO - PROFESSORES;553.XXX.XXX-72;198;40;SECRETARIA MUNICIPAL DE EDUCAÇÃO;1;02/02/1998;;;;;;1 - Efetivo;CONCURSO PUBLICO ;;;Efetivo;;PROFESSOR SE 40H
;Adiantamento 13º Salário - Fevereiro;REJANE MARIA LEAL DE MOURA LIMA;AG. COMUNITARIO DE SAÚDE;;2.049,30;2.049,30;SECRETARIA MUNICIPAL DE SAUDE;SECRETARIA MUNICIPAL DE SAUDE;SMS - SEC.DE SAUDE - ACS I - PAB;EFETIVOS;454.XXX.XXX-53;52;40;;1;01/04/2008;;;;;;1 - Efetivo;CONCURSO PUBLICO ;;;Efetivo;;AG. COMUNITARIO DE SAÚDE
;Folha Complementar c/ Encargos - Fevereiro;SABRINA DA SILVA ARAUJO LEAL;TECNICO DE ENFERMAGEM;157,18;-157,18;;SECRETARIA MUNICIPAL DE SAUDE;SECRETARIA MUNICIPAL DE SAUDE;SMS-DEPTO.SEC.SAUDE-CONTRATADOS - FUS;COMISSIONADOS;067.XXX.XXX-14;451;40;;4;02/01/2025;;;;;;3 - Temporário;TEMPO DETERMINADO;;;Contrato Temporario;;TECNICO DE ENFERMAGEM
;Adiantamento 13º Salário - Fevereiro;SANDRA HERCILIA DE MACEDO DIAS;AUX. DE SERV. GERAIS;;834,90;834,90;SECRETARIA MUNICIPAL DE EDUCAÇÃO;FUNDO DE MANUT. E DEC.DA EDUC.BASICA-FUNDEB;SME- DEPTO. ADM -FUNDEB 30% II;EFETIVOS;880.XXX.XXX-63;89;40;U.E.M. JOSE DE MOURA LEAL;1;02/03/1998;;;008/2022;;;1 - Efetivo;CONCURSO PUBLICO ;;;Efetivo;;AUX. DE SERV. GERAIS
;Rescisão - Fevereiro;SOCORRO MOURA MACEDO;DIRETOR(A) DE ESCOLA;;0,00;;SECRETARIA MUNICIPAL DE EDUCAÇÃO;SECRETARIA MUNICIPAL DE EDUCAÇÃO;SME- DEPTOR. ENSINO FUNDEB 70% V - COMISSIONADOS;COMISSIONADOS EDUCAÇÃO;041.XXX.XXX-16;269;40;UNIDADE ESCOLAR JOSE JUBELINO DE MACEDO;4;02/01/2025;01/02/2025;;02/2025;;;2 - Comissão;LIVRE PROVIMENTO ;;;Função de Confiança;;DIRETOR(A) DE ESCOLA
;Folha Complementar c/ Encargos - Fevereiro;SORAYA SOLANGE RIBEIRO;TECNICO DE ENFERMAGEM;189,06;-189,06;;SECRETARIA MUNICIPAL DE SAUDE;SECRETARIA MUNICIPAL DE SAUDE;SMS-DEPTO.SEC.SAUDE-CONTRATADOS - FUS;CONTRATO TEMPORÁRIO;048.XXX.XXX-48;376;40;;4;02/01/2025;;;;;;3 - Temporário;TEMPO DETERMINADO;;;Contrato Temporario;;TECNICO DE ENFERMAGEM
;Folha Complementar c/ Encargos - Fevereiro;TALITA LUANA PEREIRA DA SILVA;TECNICO DE ENFERMAGEM;189,06;-189,06;;SECRETARIA MUNICIPAL DE SAUDE;SECRETARIA MUNICIPAL DE SAUDE;SMS-DEPTO.SEC.SAUDE-CONTRATADOS - FUS;CONTRATO TEMPORÁRIO;612.XXX.XXX-86;315;40;;5;02/01/2025;;;;;;3 - Temporário;TEMPO DETERMINADO;;;Contrato Temporario;;TECNICO DE ENFERMAGEM
;Folha Complementar c/ Encargos - Fevereiro;WESLEY FRANCISCO DE CARVALHO;ENFERMEIRO (A)  CONTRATADO (A);732,49;-732,49;;SECRETARIA MUNICIPAL DE SAUDE;SECRETARIA MUNICIPAL DE SAUDE;SEC. MUN. SAÚDE- DEPTO. DE SAUDE II-CONTRATADOS - PAB;CONTRATO TEMPORÁRIO;612.XXX.XXX-50;462;40;;3;02/01/2025;;;12/2025;;;3 - Temporário;TEMPO DETERMINADO;08/2020;;Contrato Temporario;;ENFERMEIRO (A)  CONTRATADO (A)
;Rescisão - Fevereiro;YURE JARDEL MACEDO SOUSA;ASSESSOR TÉCNICO (A) ADMINISTRATIVO;137,53;1.643,59;1.781,12;SECRETARIA MUNICIPAL DE EDUCAÇÃO;FUNDO DE MANUT. E DEC.DA EDUC.BASICA-FUNDEB;SME- DEPTOR ADM FUNDEB 30 % VI - COMISSIONADOS;COMISSIONADOS;037.XXX.XXX-66;524;40;SECRETARIA MUNICIPAL DE EDUCAÇÃO;2;02/01/2025;23/02/2025;;02/2025;;;2 - Comissão;TEMPO DETERMINADO;;;Função de Confiança;;ASSESSOR TÉCNICO (A) ADMINISTRATIVO
;;;;6.853,29;13.443,21;20.296,50;;;;;;;;;;;;;;;;;;;;;;
