Nome Empresa;Código;Denominação;Natureza;Nome Natureza;Ref. salarial inicial (Plano de Cargos);Providos;Cargos<br>Vagos;Total;Providos;Empregos<br>Vagos;Total;Providos;Comissão<br>Vagos;Total;Providos;Contratos<br>Vagos;Total
PREFEITURA MUNICIPAL DE PADRE MARCOS;0001;PROFESSOR SL 20H;1;Efetivo;2652,93;13;-13;0;0;0;0;0;0;0;0;0;0
PREFEITURA MUNICIPAL DE PADRE MARCOS;0002;TECNICO PROTESE DENTARIA;3;Temporário;3000;0;0;0;0;0;0;0;0;0;0;0;0
PREFEITURA MUNICIPAL DE PADRE MARCOS;0003;ASSISTENTE ADMINISTRATIVO;1;Efetivo;3242;1;-1;0;0;0;0;0;0;0;0;0;0
PREFEITURA MUNICIPAL DE PADRE MARCOS;0004;PROFESSOR SL 40H;1;Efetivo;5305,87;12;-12;0;0;0;0;0;0;0;0;0;0
PREFEITURA MUNICIPAL DE PADRE MARCOS;0005;COORD. PROG. CRIANÇA FELIZ;3;Temporário;1621;0;0;0;0;0;0;0;0;0;0;0;0
PREFEITURA MUNICIPAL DE PADRE MARCOS;0006;PREFEITO;9;Outros;13500;0;0;0;0;0;0;0;0;0;1;-1;0
PREFEITURA MUNICIPAL DE PADRE MARCOS;0007;VICE PREFEITO;9;Outros;6750;0;0;0;0;0;0;0;0;0;0;0;0
PREFEITURA MUNICIPAL DE PADRE MARCOS;0008;SECRETARIO MUNICICIPAL DE GOVERNO;2;Comissão;1755,6;0;0;0;0;0;0;1;-1;0;0;0;0
PREFEITURA MUNICIPAL DE PADRE MARCOS;0009;ASSESSOR(A) DE COMUNICAÇÃO INSTITUCIONAL ESCOLAR;2;Comissão;1621;0;0;0;0;0;0;11;-11;0;0;0;0
PREFEITURA MUNICIPAL DE PADRE MARCOS;0010;ASSESSOR ESPECIAL;2;Comissão;1621;0;0;0;0;0;0;0;0;0;0;0;0
PREFEITURA MUNICIPAL DE PADRE MARCOS;0011;CONTROLADOR GERAL;3;Temporário;3242;0;0;0;0;0;0;0;0;0;1;-1;0
PREFEITURA MUNICIPAL DE PADRE MARCOS;0012;SECRETARIO (A);2;Comissão;2255,6;0;0;0;0;0;0;2;-2;0;0;0;0
PREFEITURA MUNICIPAL DE PADRE MARCOS;0013;GARI;1;Efetivo;1621;13;-13;0;0;0;0;0;0;0;0;0;0
PREFEITURA MUNICIPAL DE PADRE MARCOS;0014;VIGILANTE;1;Efetivo;1621;7;-7;0;0;0;0;0;0;0;0;0;0
PREFEITURA MUNICIPAL DE PADRE MARCOS;0015;AUXILIAR DE JSM;3;Temporário;1621;0;0;0;0;0;0;0;0;0;0;0;0
PREFEITURA MUNICIPAL DE PADRE MARCOS;0016;MOTORISTA;1;Efetivo;1621;5;-5;0;0;0;0;0;0;0;0;0;0
PREFEITURA MUNICIPAL DE PADRE MARCOS;0017;MONITOR / VISITADOR DO CRIANÇA FELIZ;3;Temporário;1621;0;0;0;0;0;0;0;0;0;0;0;0
PREFEITURA MUNICIPAL DE PADRE MARCOS;0018;COZINHEIRO (A);1;Efetivo;1621;3;-3;0;1;-1;0;0;0;0;0;0;0
PREFEITURA MUNICIPAL DE PADRE MARCOS;0019;TECNICO EM ENFERMAGEM;1;Efetivo;1621;7;-7;0;0;0;0;0;0;0;0;0;0
PREFEITURA MUNICIPAL DE PADRE MARCOS;0020;AUX. DE SERV. GERAIS;1;Efetivo;1621;29;-29;0;1;-1;0;0;0;0;0;0;0
PREFEITURA MUNICIPAL DE PADRE MARCOS;0021;ASSISTENTE SOCIAL;1;Efetivo;3000;1;-1;0;0;0;0;0;0;0;0;0;0
PREFEITURA MUNICIPAL DE PADRE MARCOS;0022;PROFESSOR SE 40H;1;Efetivo;3986,24;27;-27;0;0;0;0;0;0;0;0;0;0
PREFEITURA MUNICIPAL DE PADRE MARCOS;0023;PROFESSOR SE 20H;1;Efetivo;2652,93;2;-2;0;0;0;0;0;0;0;0;0;0
PREFEITURA MUNICIPAL DE PADRE MARCOS;0024;DIRETOR HOSPITAL;2;Comissão;3400;0;0;0;0;0;0;1;-1;0;0;0;0
PREFEITURA MUNICIPAL DE PADRE MARCOS;0025;CONSELHEIRO TUTELAR;7;Conselheiro;1621;1;-1;0;0;0;0;0;0;0;4;-4;0
PREFEITURA MUNICIPAL DE PADRE MARCOS;0026;TECNICO DE CONTROLE INTERNO DE NIVEL I;1;Efetivo;3242;0;0;0;1;-1;0;0;0;0;0;0;0
PREFEITURA MUNICIPAL DE PADRE MARCOS;0027;AG. COMUNITARIO DE SAÚDE;1;Efetivo;3242;18;-18;0;0;0;0;0;0;0;0;0;0
PREFEITURA MUNICIPAL DE PADRE MARCOS;0028;PSICOLOGO;1;Efetivo;2000;1;-1;0;0;0;0;0;0;0;0;0;0
PREFEITURA MUNICIPAL DE PADRE MARCOS;0029;DIGITADOR(A);1;Efetivo;1621;1;-1;0;0;0;0;0;0;0;0;0;0
PREFEITURA MUNICIPAL DE PADRE MARCOS;0030;AUXILIAR DE ENFERMAGEM;1;Efetivo;1621;1;-1;0;0;0;0;0;0;0;0;0;0
PREFEITURA MUNICIPAL DE PADRE MARCOS;0031;ENGENHEIRO(A) CIVIL;3;Temporário;4950;0;0;0;0;0;0;0;0;0;0;0;0
PREFEITURA MUNICIPAL DE PADRE MARCOS;0032;AUX. ADMINISTRATIVO;1;Efetivo;3242;3;-3;0;0;0;0;0;0;0;0;0;0
PREFEITURA MUNICIPAL DE PADRE MARCOS;0033;FARMACÊUTICA ( O );3;Temporário;2500;0;0;0;0;0;0;1;-1;0;0;0;0
PREFEITURA MUNICIPAL DE PADRE MARCOS;0034;PROFESSOR SL 40H - CELETISTA;3;Temporário;3986,24;0;0;0;0;0;0;0;0;0;37;-37;0
PREFEITURA MUNICIPAL DE PADRE MARCOS;0035;AG. DE HIGIENE E SEGURANÇA;1;Efetivo;3242;3;-3;0;0;0;0;1;-1;0;0;0;0
PREFEITURA MUNICIPAL DE PADRE MARCOS;0036;COZINHEIRA;1;Efetivo;1621;0;0;0;0;0;0;0;0;0;0;0;0
PREFEITURA MUNICIPAL DE PADRE MARCOS;0037;PROFESSOR SL 20H - CELETISTA;3;Temporário;2652,93;0;0;0;0;0;0;0;0;0;0;0;0
PREFEITURA MUNICIPAL DE PADRE MARCOS;0038;COZINHEIRA(O) - SELETISTA;3;Temporário;1621;0;0;0;0;0;0;0;0;0;0;0;0
PREFEITURA MUNICIPAL DE PADRE MARCOS;0039;OPERADOR DE MAQUINAS PESADAS;1;Efetivo;1621;1;-1;0;0;0;0;0;0;0;0;0;0
PREFEITURA MUNICIPAL DE PADRE MARCOS;0040;FISCAL DE OBRA;1;Efetivo;1621;0;0;0;0;0;0;0;0;0;0;0;0
PREFEITURA MUNICIPAL DE PADRE MARCOS;0041;FISCAL DE TRIBUTOS;1;Efetivo;1621;1;-1;0;0;0;0;0;0;0;0;0;0
PREFEITURA MUNICIPAL DE PADRE MARCOS;0042;AUX.JUNTA SERV. MILITAR;1;Efetivo;1621;0;0;0;0;0;0;1;-1;0;0;0;0
PREFEITURA MUNICIPAL DE PADRE MARCOS;0043;ENFERMEIRO;1;Efetivo;4318,18;3;-3;0;0;0;0;0;0;0;0;0;0
PREFEITURA MUNICIPAL DE PADRE MARCOS;0044;AUXI.DE SERV. GERAIS- SELETISTAS;3;Temporário;1621;0;0;0;0;0;0;0;0;0;1;-1;0
PREFEITURA MUNICIPAL DE PADRE MARCOS;0045;ODONTÓLOGO;1;Efetivo;3057;2;-2;0;0;0;0;0;0;0;0;0;0
PREFEITURA MUNICIPAL DE PADRE MARCOS;0046;FISIOTERAPEUTA;1;Efetivo;3969,52;1;-1;0;0;0;0;0;0;0;0;0;0
PREFEITURA MUNICIPAL DE PADRE MARCOS;0047;NUTRICIONISTA;1;Efetivo;3020;1;-1;0;0;0;0;0;0;0;0;0;0
PREFEITURA MUNICIPAL DE PADRE MARCOS;0048;MEDICO (A);1;Efetivo;5550;2;-2;0;0;0;0;0;0;0;0;0;0
PREFEITURA MUNICIPAL DE PADRE MARCOS;0049;BIOQUIMICO;3;Temporário;1621;0;0;0;0;0;0;0;0;0;0;0;0
PREFEITURA MUNICIPAL DE PADRE MARCOS;0050;ASSISTENTE SOCIAL - CONTRATADA;3;Temporário;3000;0;0;0;0;0;0;0;0;0;2;-2;0
PREFEITURA MUNICIPAL DE PADRE MARCOS;0051;COORDENADOR DE SERVIÇOS;2;Comissão;1621;0;0;0;0;0;0;0;0;0;0;0;0
PREFEITURA MUNICIPAL DE PADRE MARCOS;0052;DIRETOR DE DEPARTAMENTO;2;Comissão;1621;0;0;0;0;0;0;1;-1;0;0;0;0
PREFEITURA MUNICIPAL DE PADRE MARCOS;0053;SECRETARIO (A) DE CULTURA;5;Função de Confiança;2255,6;0;0;0;0;0;0;0;0;0;0;0;0
PREFEITURA MUNICIPAL DE PADRE MARCOS;0054;SECRETARIO DE FINANÇAS;5;Função de Confiança;2255,6;0;0;0;0;0;0;0;0;0;0;0;0
PREFEITURA MUNICIPAL DE PADRE MARCOS;0055;SECRETARIO DE  EDUCAÇÃO;5;Função de Confiança;2255,6;0;0;0;0;0;0;1;-1;0;0;0;0
PREFEITURA MUNICIPAL DE PADRE MARCOS;0056;SECR. DE ASSISTENCIA SOCIAL;2;Comissão;2255,6;0;0;0;0;0;0;1;-1;0;0;0;0
PREFEITURA MUNICIPAL DE PADRE MARCOS;0058;ASSESSOR TÉCNICO (A) ADMINISTRATIVO;2;Comissão;1621;0;0;0;0;0;0;11;-11;0;0;0;0
PREFEITURA MUNICIPAL DE PADRE MARCOS;0059;SECRETARIO MUNICIPAL DE OBRAS E SERVIÇOS URBANOS;2;Comissão;2255,6;0;0;0;0;0;0;1;-1;0;0;0;0
PREFEITURA MUNICIPAL DE PADRE MARCOS;0060;ENGENHEIRO FLORESTAL;3;Temporário;4100;0;0;0;0;0;0;0;0;0;0;0;0
PREFEITURA MUNICIPAL DE PADRE MARCOS;0061;SECRETARIA MUNICIPAL DO MEIO AMBIENTE;2;Comissão;2255,6;0;0;0;0;0;0;1;-1;0;0;0;0
PREFEITURA MUNICIPAL DE PADRE MARCOS;0062;MONITOR(A);3;Temporário;1621;0;0;0;0;0;0;0;0;0;11;-11;0
PREFEITURA MUNICIPAL DE PADRE MARCOS;0063;SECRETARIO DE AGRICULTURA;2;Comissão;2255,6;0;0;0;0;0;0;1;-1;0;0;0;0
PREFEITURA MUNICIPAL DE PADRE MARCOS;0064;SECRETARIO MUNICIPAL DE TRANSPORTE;2;Comissão;2255,6;0;0;0;0;0;0;1;-1;0;0;0;0
PREFEITURA MUNICIPAL DE PADRE MARCOS;0065;FONOAUDIOLOGO;3;Temporário;2200;0;0;0;0;0;0;0;0;0;2;-2;0
PREFEITURA MUNICIPAL DE PADRE MARCOS;0066;TECNICO EM PROTESI DENTARIA;3;Temporário;3000;0;0;0;0;0;0;0;0;0;1;-1;0
PREFEITURA MUNICIPAL DE PADRE MARCOS;0067;COORDENADOR(A) PEDAGÓGICO;2;Comissão;3200;0;0;0;0;0;0;8;-8;0;2;-2;0
PREFEITURA MUNICIPAL DE PADRE MARCOS;0068;DIRETOR ADJUNTO;3;Temporário;1621;0;0;0;0;0;0;2;-2;0;0;0;0
PREFEITURA MUNICIPAL DE PADRE MARCOS;0069;DIRETOR(A) DE ESCOLA;2;Comissão;3200;0;0;0;0;0;0;6;-6;0;2;-2;0
PREFEITURA MUNICIPAL DE PADRE MARCOS;0070;SECRETARIO(A) UNIDADE ESCOLAR MUNICIPAL;2;Comissão;1621;0;0;0;0;0;0;7;-7;0;1;-1;0
PREFEITURA MUNICIPAL DE PADRE MARCOS;0071;SECRETARIO DE ESPORTE;2;Comissão;1621;0;0;0;0;0;0;1;-1;0;0;0;0
PREFEITURA MUNICIPAL DE PADRE MARCOS;0072;SECRETARIO DE DESENV. DE EMPREENDEDORISMO;2;Comissão;2255,6;0;0;0;0;0;0;0;0;0;0;0;0
PREFEITURA MUNICIPAL DE PADRE MARCOS;0073;ORIENTADORA(O) EDUCACIONAL;2;Comissão;1621;0;0;0;0;0;0;1;-1;0;0;0;0
PREFEITURA MUNICIPAL DE PADRE MARCOS;0074;INSPETOR ESCOLAR;2;Comissão;1621;0;0;0;0;0;0;0;0;0;0;0;0
PREFEITURA MUNICIPAL DE PADRE MARCOS;0075;PROFESSORA DE EJA - CELETISTA;3;Temporário;1621;0;0;0;0;0;0;0;0;0;6;-6;0
PREFEITURA MUNICIPAL DE PADRE MARCOS;0076;PROFESSOR SELETISTA;3;Temporário;1621;0;0;0;0;0;0;0;0;0;8;-8;0
PREFEITURA MUNICIPAL DE PADRE MARCOS;0077;COORDENADOR DA VIGILANCIA SOCIOASSISTENCIAL;2;Comissão;1900;0;0;0;0;0;0;0;0;0;0;0;0
PREFEITURA MUNICIPAL DE PADRE MARCOS;0078;COORDENADORA DE FOMENTO DO TURISMO;3;Temporário;;0;0;0;0;0;0;0;0;0;0;0;0
PREFEITURA MUNICIPAL DE PADRE MARCOS;0079;FISIOTERAPEUTA;3;Temporário;;0;0;0;0;0;0;0;0;0;6;-6;0
PREFEITURA MUNICIPAL DE PADRE MARCOS;0080;CORDENADOR DE TRANSPORTE;2;Comissão;;0;0;0;0;0;0;0;0;0;0;0;0
PREFEITURA MUNICIPAL DE PADRE MARCOS;0081;ORIENTADOR SOCIAL;3;Temporário;;0;0;0;0;0;0;0;0;0;3;-3;0
PREFEITURA MUNICIPAL DE PADRE MARCOS;0082;TERAPEUTA OCUPACIONAL;3;Temporário;;0;0;0;0;0;0;0;0;0;1;-1;0
PREFEITURA MUNICIPAL DE PADRE MARCOS;0083;MOTORISTA CONTRATADO;3;Temporário;;0;0;0;0;0;0;0;0;0;5;-5;0
PREFEITURA MUNICIPAL DE PADRE MARCOS;0084;MEDICO VETERINARIO;3;Temporário;;0;0;0;0;0;0;0;0;0;1;-1;0
PREFEITURA MUNICIPAL DE PADRE MARCOS;0085;PSICOPEDAGOGA;3;Temporário;;0;0;0;0;0;0;0;0;0;1;-1;0
PREFEITURA MUNICIPAL DE PADRE MARCOS;0086;PROFESSOR SM 20H;1;Efetivo;;0;0;0;0;0;0;0;0;0;0;0;0
PREFEITURA MUNICIPAL DE PADRE MARCOS;0088;ASSESSOR TECNICO II;2;Comissão;;0;0;0;0;0;0;1;-1;0;1;-1;0
PREFEITURA MUNICIPAL DE PADRE MARCOS;0089; DIRETOR DE RECURSOS HUMANOS;2;Comissão;;0;0;0;0;0;0;0;0;0;1;-1;0
PREFEITURA MUNICIPAL DE PADRE MARCOS;0091;COORDENADOR DE MÁQUINAS PESADAS;2;Comissão;;0;0;0;0;0;0;0;0;0;1;-1;0
PREFEITURA MUNICIPAL DE PADRE MARCOS;0092;COORDENADOR DE FROTAS E MANUTENÇÕES DE TRANSPORTE;2;Comissão;;0;0;0;0;0;0;1;-1;0;0;0;0
PREFEITURA MUNICIPAL DE PADRE MARCOS;0093;COORDENADOR DE LAZER;2;Comissão;;0;0;0;0;0;0;0;0;0;1;-1;0
PREFEITURA MUNICIPAL DE PADRE MARCOS;0094;COORDENADOR DE CADASTRAMENTO E INFORMATICA;2;Comissão;;0;0;0;0;0;0;1;-1;0;0;0;0
PREFEITURA MUNICIPAL DE PADRE MARCOS;0095;DIRETORA DE SERVIÇOS PÚBLICOS;2;Comissão;;0;0;0;0;0;0;1;-1;0;0;0;0
PREFEITURA MUNICIPAL DE PADRE MARCOS;0096;DIRETOR ADMINISTRATIVO;2;Comissão;;0;0;0;0;0;0;7;-7;0;0;0;0
PREFEITURA MUNICIPAL DE PADRE MARCOS;0097;COORDENADOR DE CEMITÉRIO PÚBLICO;2;Comissão;;0;0;0;0;0;0;0;0;0;0;0;0
PREFEITURA MUNICIPAL DE PADRE MARCOS;0098;DIRETOR DE OBRAS E INFRAESTRUTURA;2;Comissão;;0;0;0;0;0;0;1;-1;0;0;0;0
PREFEITURA MUNICIPAL DE PADRE MARCOS;0099;COORDENADOR DE DESENVOLVIMENTO RURAL E AGRICULTURA FAMILIAR;2;Comissão;;0;0;0;0;0;0;1;-1;0;0;0;0
PREFEITURA MUNICIPAL DE PADRE MARCOS;0100;COORDENADOR DOS SERVIÇOS DA PROTEÇÃO SOCIAL BÁSICA;2;Comissão;;0;0;0;0;0;0;1;-1;0;0;0;0
PREFEITURA MUNICIPAL DE PADRE MARCOS;0101;COOR. DE SERVIÇO DE CONVIVÊNCIA E FORTALECIMENTO DE VINCULOS;2;Comissão;;0;0;0;0;0;0;1;-1;0;0;0;0
PREFEITURA MUNICIPAL DE PADRE MARCOS;0102;COORDENADORA DE POLÍTICA PARA CRIANÇAS E ADOLESCENTES;2;Comissão;;0;0;0;0;0;0;1;-1;0;0;0;0
PREFEITURA MUNICIPAL DE PADRE MARCOS;0103;COORDENADOR(A) DA SALA DE VACINAÇÃO;2;Comissão;;0;0;0;0;0;0;0;0;0;1;-1;0
PREFEITURA MUNICIPAL DE PADRE MARCOS;0104; ASSESSORA TÉCNICA DO HOSPITAL MUNICIPAL;2;Comissão;;0;0;0;0;0;0;1;-1;0;0;0;0
PREFEITURA MUNICIPAL DE PADRE MARCOS;0105;COORDENADOR DE MOTORISTAS E OPERAÇÕES;2;Comissão;;0;0;0;0;0;0;1;-1;0;0;0;0
PREFEITURA MUNICIPAL DE PADRE MARCOS;0106;DIRETORA ADMINISTRATIVA E APOIO GOVERNAMENTAL;2;Comissão;;0;0;0;0;0;0;1;-1;0;0;0;0
PREFEITURA MUNICIPAL DE PADRE MARCOS;0107;DIRETORA DE ALMOXADIFADO E CONTROLE E PATRIMÔNIO;2;Comissão;;0;0;0;0;0;0;1;-1;0;0;0;0
PREFEITURA MUNICIPAL DE PADRE MARCOS;0108;CHEFE DE DEPARTAMENTO, ACOMPANHAMENTO E FISCALIZAÇÃO;2;Comissão;;0;0;0;0;0;0;1;-1;0;0;0;0
PREFEITURA MUNICIPAL DE PADRE MARCOS;0109;AUXILIAR DE EQUIPE DO APOIO ADMINISTRATIVO;2;Comissão;;0;0;0;0;0;0;1;-1;0;0;0;0
PREFEITURA MUNICIPAL DE PADRE MARCOS;0110;DIRETOR DE ARQUIVO E PROTOCOLO;2;Comissão;;0;0;0;0;0;0;1;-1;0;0;0;0
PREFEITURA MUNICIPAL DE PADRE MARCOS;0111;DIRETOR DE INFORMATICA;2;Comissão;;0;0;0;0;0;0;1;-1;0;0;0;0
PREFEITURA MUNICIPAL DE PADRE MARCOS;0113;COORDENADOR(A) DE UNIDADE BÁSICA DE SAÚDE;2;Comissão;;0;0;0;0;0;0;0;0;0;0;0;0
PREFEITURA MUNICIPAL DE PADRE MARCOS;0114;COORDENADOR(A) DE ASSISTÊNCIA FARMACÊUTICA;2;Comissão;;0;0;0;0;0;0;2;-2;0;0;0;0
PREFEITURA MUNICIPAL DE PADRE MARCOS;0115;COORDENADOR(A) DA ATEÇÃO BÁSICA DE SAÚDE;2;Comissão;;0;0;0;0;0;0;1;-1;0;0;0;0
PREFEITURA MUNICIPAL DE PADRE MARCOS;0116;COOR. DA SALA DA VACINAÇÃO;2;Comissão;;0;0;0;0;0;0;1;-1;0;0;0;0
PREFEITURA MUNICIPAL DE PADRE MARCOS;0117;COORDENADOR(A) DA VIGILÂNCIA SANITÁRIA;2;Comissão;;0;0;0;0;0;0;1;-1;0;0;0;0
PREFEITURA MUNICIPAL DE PADRE MARCOS;0118;COORDENADOR(A)  DE MANUTENÇÃO PREDIAL DA SAÚDE;2;Comissão;;0;0;0;0;0;0;1;-1;0;0;0;0
PREFEITURA MUNICIPAL DE PADRE MARCOS;0119;COORDENADOR(A) DE MANUTENÇÃO E SERVIÇO;2;Comissão;;0;0;0;0;0;0;3;-3;0;0;0;0
PREFEITURA MUNICIPAL DE PADRE MARCOS;0120;COORDENADOR(A) DE TRANSPORTE DA SAÚDE;2;Comissão;;0;0;0;0;0;0;1;-1;0;0;0;0
PREFEITURA MUNICIPAL DE PADRE MARCOS;0121;COOR.(A) DE CONTROLE DE DADOS, ESTATÍSTICA E INFORMATIZAÇÃO;2;Comissão;;0;0;0;0;0;0;1;-1;0;0;0;0
PREFEITURA MUNICIPAL DE PADRE MARCOS;0122;COOR. DO CENTRO DE REFERENCIA DE ASSISTENCIA SOCIAL / CRAS;2;Comissão;;0;0;0;0;0;0;0;0;0;0;0;0
PREFEITURA MUNICIPAL DE PADRE MARCOS;0123;COOR. PEDAGÓGICA DE EDUCAÇÃO DE JOVENS E ADULTO / EJA;2;Comissão;;0;0;0;0;0;0;1;-1;0;0;0;0
PREFEITURA MUNICIPAL DE PADRE MARCOS;0124;COOR. DE SAUDE BUCAL;2;Comissão;;0;0;0;0;0;0;1;-1;0;0;0;0
PREFEITURA MUNICIPAL DE PADRE MARCOS;0125;COORDENADOR DE MEIO AMBIENTE E EDUCAÇÃO AMBIENTAL;2;Comissão;;0;0;0;0;0;0;2;-2;0;0;0;0
PREFEITURA MUNICIPAL DE PADRE MARCOS;0126;DIRETOR(A) DE ALMOXARIFADO ESCOLAR;2;Comissão;;0;0;0;0;0;0;12;-12;0;0;0;0
PREFEITURA MUNICIPAL DE PADRE MARCOS;0127;COORDENADOR DE TRANSPORTE ESCOLAR;2;Comissão;;0;0;0;0;0;0;1;-1;0;0;0;0
PREFEITURA MUNICIPAL DE PADRE MARCOS;0128;ASSESSOR(A) TÉCNICO(A) ESCOLAR;2;Comissão;;0;0;0;0;0;0;21;-21;0;0;0;0
PREFEITURA MUNICIPAL DE PADRE MARCOS;0129;COORDENADOR(A) DE BUSCA ATIVA ESCOLAR;2;Comissão;;0;0;0;0;0;0;7;-7;0;0;0;0
PREFEITURA MUNICIPAL DE PADRE MARCOS;0130;DIRETOR(A) DE EDUCAÇÃO ESPECIAL E INCLUSIVA ESCOLAR;2;Comissão;;0;0;0;0;0;0;9;-9;0;0;0;0
PREFEITURA MUNICIPAL DE PADRE MARCOS;0131;COORDENADOR DE INFRAESTRUTURA, OBRA E MANUTENÇÃO ESCOLAR;2;Comissão;;0;0;0;0;0;0;8;-8;0;0;0;0
PREFEITURA MUNICIPAL DE PADRE MARCOS;0132;COOR. DE TECNOLOGIA DA INFORMAÇÃO E INTELIGÊNCIA ARTIFICIAL;2;Comissão;;0;0;0;0;0;0;3;-3;0;0;0;0
PREFEITURA MUNICIPAL DE PADRE MARCOS;0133;DIRETOR(A) DE TOMBAMENTO E PATRIMÔNIO;2;Comissão;;0;0;0;0;0;0;3;-3;0;0;0;0
PREFEITURA MUNICIPAL DE PADRE MARCOS;0134;COOR. LIMPEZA E CONSERVAÇÃO ESCOLAR;2;Comissão;;0;0;0;0;0;0;4;-4;0;0;0;0
PREFEITURA MUNICIPAL DE PADRE MARCOS;0135;DIRETOR(A) DE EVENTOS ESPORTIVOS ESCOLARES;2;Comissão;;0;0;0;0;0;0;5;-5;0;0;0;0
PREFEITURA MUNICIPAL DE PADRE MARCOS;0136;DIRETOR(A) DE EDUCAÇÃO AMBIENTAL;2;Comissão;;0;0;0;0;0;0;1;-1;0;0;0;0
PREFEITURA MUNICIPAL DE PADRE MARCOS;0137;DIRETOR(A) DE RECURSOS HUMANOS ESCOLAR;2;Comissão;;0;0;0;0;0;0;3;-3;0;0;0;0
PREFEITURA MUNICIPAL DE PADRE MARCOS;0138;DIRETORA DE ALIMENTAÇÃO ESCOLAR;3;Temporário;;0;0;0;0;0;0;0;0;0;1;-1;0
PREFEITURA MUNICIPAL DE PADRE MARCOS;0139;COOR. DE EQUIPE MULTIPROFISSIONAL ESCOLAR;2;Comissão;;0;0;0;0;0;0;2;-2;0;0;0;0
PREFEITURA MUNICIPAL DE PADRE MARCOS;0140;DIRETOR(A) DE PLANEJAMENTO, TECNOLOGIA E INOVAÇÃO;2;Comissão;;0;0;0;0;0;0;2;-2;0;0;0;0
PREFEITURA MUNICIPAL DE PADRE MARCOS;0141;COOR. DE FEIRA, EVENTOS E COMÉRCIO LOCAL;2;Comissão;;0;0;0;0;0;0;1;-1;0;0;0;0
PREFEITURA MUNICIPAL DE PADRE MARCOS;0142;COOR. CLINICO DO HOSPITAL MUNICIPAL;2;Comissão;;0;0;0;0;0;0;1;-1;0;0;0;0
PREFEITURA MUNICIPAL DE PADRE MARCOS;0143;SEC. MUNICIPAL DE DESENVOLVIMENTO E MICROEMPREENDEDORISMO;2;Comissão;;0;0;0;0;0;0;1;-1;0;0;0;0
PREFEITURA MUNICIPAL DE PADRE MARCOS;0144;COOR. DE PROGRAMAS ESPECIAIS DA AGRICULTURA;2;Comissão;;0;0;0;0;0;0;1;-1;0;0;0;0
PREFEITURA MUNICIPAL DE PADRE MARCOS;0145;SEC. ESCOLAR DA EDU. DE JOVENS E ADULTOS (EJA);2;Comissão;;0;0;0;0;0;0;1;-1;0;0;0;0
PREFEITURA MUNICIPAL DE PADRE MARCOS;0146;COOR. DE LIMPEZA E CONSERVAÇÃO DA EDU. JOVENS E ADULTOS EJA;2;Comissão;;0;0;0;0;0;0;1;-1;0;0;0;0
PREFEITURA MUNICIPAL DE PADRE MARCOS;0147;ASSESSSOR TECNICO ESCOLAR EDU. JOVENS E ADULTOS EJA;2;Comissão;;0;0;0;0;0;0;1;-1;0;0;0;0
PREFEITURA MUNICIPAL DE PADRE MARCOS;0148;ASSESSOR DE PROJETOS DE GESTÃO AMBIENTAL;2;Comissão;;0;0;0;0;0;0;1;-1;0;0;0;0
PREFEITURA MUNICIPAL DE PADRE MARCOS;0149;DIRETOR DE PROGRAMAS E POJETOS DO SETOR DE TRIBUTOS;2;Comissão;;0;0;0;0;0;0;1;-1;0;0;0;0
PREFEITURA MUNICIPAL DE PADRE MARCOS;0150;DIR. DEPARTAMENTO DE CAMPO, LICITAÇÕES E CONTRATOS ADM;2;Comissão;;0;0;0;0;0;0;1;-1;0;0;0;0
PREFEITURA MUNICIPAL DE PADRE MARCOS;0152;COORDENADORA DE ANÁLISES CLINICAS (HMPM);2;Comissão;;0;0;0;0;0;0;0;0;0;0;0;0
PREFEITURA MUNICIPAL DE PADRE MARCOS;1000;ODONTOLOGO;3;Temporário;3057;0;0;0;0;0;0;0;0;0;1;-1;0
PREFEITURA MUNICIPAL DE PADRE MARCOS;1001;PSICOLOGO;3;Temporário;4667,03;0;0;0;0;0;0;0;0;0;1;-1;0
PREFEITURA MUNICIPAL DE PADRE MARCOS;1002;SECRETARIA DE SAUDE- LOTADA;2;Comissão;2255,6;0;0;0;0;0;0;0;0;0;0;0;0
PREFEITURA MUNICIPAL DE PADRE MARCOS;1003;SECRETARIO (A) ADMINISTRATIVA;2;Comissão;2255,6;0;0;0;0;0;0;0;0;0;0;0;0
PREFEITURA MUNICIPAL DE PADRE MARCOS;1004;MEDICO(A) TEMPORARIO(A);3;Temporário;1800;0;0;0;0;0;0;0;0;0;2;-2;0
PREFEITURA MUNICIPAL DE PADRE MARCOS;1005;MEDICO (A) TEMPORARIO (A) PLANTÃO;3;Temporário;1800;0;0;0;0;0;0;0;0;0;3;-3;0
PREFEITURA MUNICIPAL DE PADRE MARCOS;1006;PROFESSOR SL 40H;3;Temporário;3986,24;0;0;0;0;0;0;0;0;0;0;0;0
PREFEITURA MUNICIPAL DE PADRE MARCOS;1007;TECNICO DE ENFERMAGEM;3;Temporário;1621;0;0;0;0;0;0;0;0;0;4;-4;0
PREFEITURA MUNICIPAL DE PADRE MARCOS;1008;AUX. DE SERVIÇOS GERAIS;3;Temporário;1621;0;0;0;0;0;0;0;0;0;8;-8;0
PREFEITURA MUNICIPAL DE PADRE MARCOS;1009;AG.COMUNITÁRIO DE SAÚDE;3;Temporário;3242;0;0;0;0;0;0;0;0;0;1;-1;0
PREFEITURA MUNICIPAL DE PADRE MARCOS;1010;ENFERMEIRO (A)  CONTRATADO (A);3;Temporário;4318,18;0;0;0;0;0;0;0;0;0;1;-1;0
PREFEITURA MUNICIPAL DE PADRE MARCOS;1011;SECRETARIO(A) ESCOLAR II;1;Efetivo;;1;-1;0;0;0;0;0;0;0;0;0;0
PREFEITURA MUNICIPAL DE PADRE MARCOS;1017;VISITADOR PCF;3;Temporário;;0;0;0;0;0;0;0;0;0;4;-4;0
PREFEITURA MUNICIPAL DE PADRE MARCOS;1018;VISITADOR SANITARIO;3;Temporário;;0;0;0;0;0;0;0;0;0;1;-1;0
PREFEITURA MUNICIPAL DE PADRE MARCOS;1019;AUXILIAR DE SAÚDE BUCAL;3;Temporário;;0;0;0;0;0;0;0;0;0;2;-2;0
PREFEITURA MUNICIPAL DE PADRE MARCOS;1020;NUTRICIONISTA;3;Temporário;;0;0;0;0;0;0;1;-1;0;0;0;0
PREFEITURA MUNICIPAL DE PADRE MARCOS;1021;OUVIDOR GERAL DO MUNICIPIO;2;Comissão;;0;0;0;0;0;0;0;0;0;1;-1;0
PREFEITURA MUNICIPAL DE PADRE MARCOS;1022;SUPERVIORA DE ENSINO;2;Comissão;;0;0;0;0;0;0;1;-1;0;1;-1;0
PREFEITURA MUNICIPAL DE PADRE MARCOS;1023;AUX. DE OUVIDORIA MUNICIPAL;2;Comissão;;0;0;0;0;0;0;1;-1;0;0;0;0
PREFEITURA MUNICIPAL DE PADRE MARCOS;1024;ASSESSORA OUVIDORIA MUNICIPAL;2;Comissão;;0;0;0;0;0;0;1;-1;0;0;0;0
PREFEITURA MUNICIPAL DE PADRE MARCOS;1025;ASSESSOR TÉCNICO;2;Comissão;;0;0;0;0;0;0;28;-28;0;23;-23;0
